post_id,subreddit_id,claim,stage2_labels
srk5w8,t5_2tyg2,I think my boyfriend is schizophrenic,"[{""crowd-entity-annotation"":{""entities"":[{""endOffset"":46,""label"":""population"",""startOffset"":32}]}}]"
skyjkk,t5_2s3g1,I heard too much benefiber can make u bloated and gassy,"[{""crowd-entity-annotation"":{""entities"":[{""endOffset"":68,""label"":""intervention"",""startOffset"":59},{""endOffset"":105,""label"":""population"",""startOffset"":93},{""endOffset"":137,""label"":""outcome"",""startOffset"":130},{""endOffset"":147,""label"":""outcome"",""startOffset"":142}]}}]"
rx3820,t5_2s1h9,"JME is hereditary,","[{""crowd-entity-annotation"":{""entities"":[{""endOffset"":175,""label"":""population"",""startOffset"":167},{""endOffset"":319,""label"":""population"",""startOffset"":316}]}}]"
s8nd06,t5_2s23e,I saw a neurologist Dec. 24 who was convinced it was a b12 deficiency but that came back negative.,"[{""crowd-entity-annotation"":{""entities"":[{""endOffset"":956,""label"":""outcome"",""startOffset"":944},{""endOffset"":968,""label"":""outcome"",""startOffset"":961},{""endOffset"":1247,""label"":""outcome"",""startOffset"":1238},{""endOffset"":1278,""label"":""outcome"",""startOffset"":1269}]}}]"
rz4gzj,t5_2r876,Cystic Fibrosis Drugs Can Be Life-Changing For Patients. New Images Reveal How These Molecules Work.,"[{""crowd-entity-annotation"":{""entities"":[{""endOffset"":21,""label"":""intervention"",""startOffset"":0},{""endOffset"":42,""label"":""outcome"",""startOffset"":29},{""endOffset"":55,""label"":""population"",""startOffset"":47}]}}]"
sr6zne,t5_2saq9,aspartam is neurotransmiter and it helps with signaling nervouse system and i believe ANSD comes from downregulated sympatetic nervouse system,"[{""crowd-entity-annotation"":{""entities"":[{""endOffset"":63,""label"":""population"",""startOffset"":59},{""endOffset"":78,""label"":""population"",""startOffset"":65},{""endOffset"":110,""label"":""population"",""startOffset"":98},{""endOffset"":440,""label"":""intervention"",""startOffset"":430},{""endOffset"":460,""label"":""intervention"",""startOffset"":452},{""endOffset"":502,""label"":""intervention"",""startOffset"":497},{""endOffset"":539,""label"":""intervention"",""startOffset"":532},{""endOffset"":583,""label"":""intervention"",""startOffset"":564},{""endOffset"":757,""label"":""intervention"",""startOffset"":748}]}}]"
rpvpjt,t5_2s1h9,"I know that pot alters your sleep big time, for instance I would never have dreams while I was on pot but now I dream constantly.","[{""crowd-entity-annotation"":{""entities"":[{""endOffset"":920,""label"":""intervention"",""startOffset"":916},{""endOffset"":938,""label"":""outcome"",""startOffset"":932}]}}]"
rjzxnr,t5_2rtve,"PCP and ER doctor suspect autoimmune, had a positive ANA.","[{""crowd-entity-annotation"":{""entities"":[{""endOffset"":193,""label"":""population"",""startOffset"":183},{""endOffset"":277,""label"":""outcome"",""startOffset"":273},{""endOffset"":335,""label"":""outcome"",""startOffset"":324},{""endOffset"":344,""label"":""outcome"",""startOffset"":337},{""endOffset"":361,""label"":""outcome"",""startOffset"":355},{""endOffset"":642,""label"":""population"",""startOffset"":637}]}}]"
rzcg5n,t5_2rtve,"But more importantly, learn how to decrease stress to help lower the risk of flares","[{""crowd-entity-annotation"":{""entities"":[]}}]"
swveu1,t5_2s3g1,ibs is chronic while gastritis dosen't last long.,"[{""crowd-entity-annotation"":{""entities"":[{""endOffset"":92,""label"":""population"",""startOffset"":83},{""endOffset"":214,""label"":""outcome"",""startOffset"":207},{""endOffset"":338,""label"":""population"",""startOffset"":335},{""endOffset"":455,""label"":""outcome"",""startOffset"":449}]}}]"
